PRAGMA foreign_keys=OFF;
BEGIN TRANSACTION;
CREATE TABLE `card` (`code` BIGINT , `expireDate` TIMESTAMP , PRIMARY KEY (`code`) );
INSERT INTO card VALUES(1,1647725747140);
CREATE TABLE `subscription` (`code` INTEGER PRIMARY KEY AUTOINCREMENT , `password` VARCHAR , `startTime` TIMESTAMP , `type` VARCHAR , `isStudent` BOOLEAN , `card_id` BIGINT , `numberOfExceed` INTEGER );
INSERT INTO subscription VALUES(1,'admin',NULL,'admin',0,1,0);
INSERT INTO subscription VALUES(2,'normal',NULL,'week',0,1,0);
INSERT INTO subscription VALUES(3,'student',NULL,'week',1,1,0);
INSERT INTO subscription VALUES(4,'expired',NULL,'day',1,1,3);
CREATE TABLE `bike` (`id` INTEGER PRIMARY KEY AUTOINCREMENT , `type` VARCHAR , `grip_id` INTEGER , `isBroken` BOOLEAN );
INSERT INTO bike VALUES(1,'standard',1,1);
INSERT INTO bike VALUES(2,'electric',2,0);
INSERT INTO bike VALUES(3,'electricBabySeat',3,0);
CREATE TABLE `grip` (`id` INTEGER PRIMARY KEY AUTOINCREMENT , `type` VARCHAR , `position` INTEGER , `bike_id` INTEGER , `totem_id` INTEGER );
INSERT INTO grip VALUES(1,'standard',0,1,1);
INSERT INTO grip VALUES(2,'electric',1,2,1);
INSERT INTO grip VALUES(3,'electricBabySeat',2,3,1);
INSERT INTO grip VALUES(4,'standard',0,NULL,2);
INSERT INTO grip VALUES(5,'electric',1,NULL,2);
INSERT INTO grip VALUES(6,'electricBabySeat',2,NULL,2);
CREATE TABLE `rental` (`id` INTEGER PRIMARY KEY AUTOINCREMENT , `start` TIMESTAMP , `end` TIMESTAMP , `bike_id` INTEGER , `subscription_id` INTEGER , `totem_id` INTEGER );
CREATE TABLE `totem` (`id` INTEGER PRIMARY KEY AUTOINCREMENT , `x` INTEGER , `y` INTEGER , `address` VARCHAR );
INSERT INTO totem VALUES(1,0,0,'Via Adios 14');
INSERT INTO totem VALUES(2,1,2,'Via Vamos 12');
DELETE FROM sqlite_sequence;
INSERT INTO sqlite_sequence VALUES('totem',2);
INSERT INTO sqlite_sequence VALUES('bike',3);
INSERT INTO sqlite_sequence VALUES('grip',6);
INSERT INTO sqlite_sequence VALUES('subscription',4);
COMMIT;
